"Dấu thời gian","1. Điểm trung bình tích lũy (GPA) hoặc GPA học kỳ gần nhất của bạn là bao nhiêu? (Theo thang điểm 4.0)","2. Bạn dành khoảng bao nhiêu giờ mỗi tuần để TỰ HỌC (không tính thời gian học trên giảng đường)?","3. Bạn đang đăng ký học bao nhiêu môn trong học kỳ này?","4. Bạn có đang làm thêm (Part-time job) trong học kỳ này không?","5. Thời gian NGỦ trung bình mỗi ngày của bạn là bao nhiêu tiếng?","6. Bạn có đang tham gia hoạt động tại Câu lạc bộ / Đội / Nhóm nào trong trường không?","7. Tỷ lệ tham dự các buổi học trên lớp (Attendance) của bạn ước tính khoảng bao nhiêu %?","8. Phương pháp học tập chủ yếu của bạn là gì?","9. Thời gian bạn dành cho Mạng xã hội (Facebook, TikTok, Instagram...) trung bình mỗi ngày là bao nhiêu tiếng?"
"2026/05/10 6:54:55 CH GMT+7","3.61","14","9","Không","8","Không","Trên 90% (Hầu như không nghỉ)","Chủ yếu là tự học","4"
"2026/05/10 7:03:41 CH GMT+7","3.37","3","11","Có","7","Không","Trên 90% (Hầu như không nghỉ)","Chủ yếu là tự học","3"
"2026/05/10 9:55:24 CH GMT+7","2.8","5","7","Không","7","Có","Trên 90% (Hầu như không nghỉ)","Chủ yếu là tự học","2"
"2026/05/11 8:29:18 SA GMT+7","3.63","12","23","Không","7","Không","Trên 90% (Hầu như không nghỉ)","Chủ yếu là tự học","8"
"2026/05/11 10:31:11 SA GMT+7","3.63","12","9","Không","7","Không","Trên 90% (Hầu như không nghỉ)","Chủ yếu là tự học","6.5"
"2026/05/11 1:30:50 CH GMT+7","3.23","4","30","Có","8","Có","Trên 90% (Hầu như không nghỉ)","Chủ yếu là tự học","4"
"2026/05/11 5:17:01 CH GMT+7","3.6","24","7","Có","8","Không","Trên 90% (Hầu như không nghỉ)","Kết hợp cả hai (Tỷ lệ 50-50)","4"
"2026/05/11 5:32:21 CH GMT+7","1","1","1","Có","16","Không","Dưới 50%","Chủ yếu là học nhóm","8"
"2026/05/11 6:24:19 CH GMT+7","3.2","1","12","Không","6","Có","Trên 90% (Hầu như không nghỉ)","Chủ yếu là tự học","6"
"2026/05/11 6:36:11 CH GMT+7","3.0","2","8","Không","7.5","Có","Từ 70% - 90%","Chủ yếu là tự học","2"
"2026/05/11 6:42:26 CH GMT+7","1.5","10","8","Có","7","Có","Dưới 50%","Chủ yếu là tự học","1"
"2026/05/11 6:55:41 CH GMT+7","3.57","30","10","Không","7.5","Không","Trên 90% (Hầu như không nghỉ)","Chủ yếu là tự học","5"
"2026/05/12 1:01:38 SA GMT+7","2.72","1","8","Có","6","Có","Từ 70% - 90%","Kết hợp cả hai (Tỷ lệ 50-50)","8"
"2026/05/13 9:13:03 SA GMT+7","3.85","7","9","Không","6.5","Không","Trên 90% (Hầu như không nghỉ)","Kết hợp cả hai (Tỷ lệ 50-50)","5"
"2026/05/15 8:59:55 CH GMT+7","3.52","14","13","Không","8","Không","Trên 90% (Hầu như không nghỉ)","Chủ yếu là tự học","3"
"2026/05/15 9:12:19 CH GMT+7","3.5","3","6","Có","7","Không","Trên 90% (Hầu như không nghỉ)","Kết hợp cả hai (Tỷ lệ 50-50)","5"
"2026/05/16 2:21:30 CH GMT+7","3.78","35","12","Không","7","Không","Trên 90% (Hầu như không nghỉ)","Kết hợp cả hai (Tỷ lệ 50-50)","2"
"2026/05/16 2:23:06 CH GMT+7","3.2","21","8","Có","8","Có","Từ 70% - 90%","Kết hợp cả hai (Tỷ lệ 50-50)","3"
"2026/05/16 2:24:36 CH GMT+7","3.52","14","13","Không","8","Không","Trên 90% (Hầu như không nghỉ)","Chủ yếu là tự học","3"
"2026/05/16 2:26:16 CH GMT+7","3.52","14","13","Không","8","Không","Trên 90% (Hầu như không nghỉ)","Chủ yếu là tự học","3"
"2026/05/16 2:35:40 CH GMT+7","4.0","7","10","Có","7","Có","Trên 90% (Hầu như không nghỉ)","Chủ yếu là tự học","19"
"2026/05/16 3:06:31 CH GMT+7","2.8","2","4","Không","8","Không","Trên 90% (Hầu như không nghỉ)","Kết hợp cả hai (Tỷ lệ 50-50)","3 "
"2026/05/16 3:15:19 CH GMT+7","3.3","7","6","Có","8","Có","Trên 90% (Hầu như không nghỉ)","Kết hợp cả hai (Tỷ lệ 50-50)","4"
"2026/05/16 3:23:50 CH GMT+7","3.2","03","5","Không","9","Có","Trên 90% (Hầu như không nghỉ)","Kết hợp cả hai (Tỷ lệ 50-50)","4"
"2026/05/16 4:17:06 CH GMT+7","3.0","2 ","6","Có","8","Không","Trên 90% (Hầu như không nghỉ)","Kết hợp cả hai (Tỷ lệ 50-50)","2"
"2026/05/17 9:34:20 SA GMT+7","3.8","21","8","Không","7","Không","Trên 90% (Hầu như không nghỉ)","Kết hợp cả hai (Tỷ lệ 50-50)","7"
"2026/05/17 5:07:32 CH GMT+7","3","8","4","Không","7.5","Có","Từ 70% - 90%","Chủ yếu là tự học","8"
"2026/05/17 5:07:51 CH GMT+7","3.5","14 ","8","Không","10","Không","Từ 70% - 90%","Kết hợp cả hai (Tỷ lệ 50-50)","3"
"2026/05/17 5:13:20 CH GMT+7","3.65","6","9","Không","8","Không","Trên 90% (Hầu như không nghỉ)","Kết hợp cả hai (Tỷ lệ 50-50)","18"
"2026/05/17 5:17:46 CH GMT+7","3.0","21 ","8","Không","7","Có","Trên 90% (Hầu như không nghỉ)","Kết hợp cả hai (Tỷ lệ 50-50)","8"
"2026/05/17 6:36:15 CH GMT+7","3.7","14","10","Không","5.5","Không","Trên 90% (Hầu như không nghỉ)","Chủ yếu là tự học","5"
"2026/05/17 6:43:33 CH GMT+7","2.78","4","31","Không","6","Không","Trên 90% (Hầu như không nghỉ)","Kết hợp cả hai (Tỷ lệ 50-50)","2"
"2026/05/17 6:50:13 CH GMT+7","3.55","20","6","Không","6","Có","Trên 90% (Hầu như không nghỉ)","Chủ yếu là tự học","5"
"2026/05/17 6:50:46 CH GMT+7","3.22","15","12","Không","6","Có","Trên 90% (Hầu như không nghỉ)","Chủ yếu là tự học","2"
"2026/05/17 6:56:06 CH GMT+7","3.62","4","37","Không","6","Không","Trên 90% (Hầu như không nghỉ)","Chủ yếu là tự học","12"
"2026/05/17 7:02:19 CH GMT+7","3.2","14 ","7","Không","7","Không","Trên 90% (Hầu như không nghỉ)","Chủ yếu là tự học","4 "
"2026/05/17 7:25:56 CH GMT+7","3.0","14","10","Có","7","Không","Trên 90% (Hầu như không nghỉ)","Kết hợp cả hai (Tỷ lệ 50-50)","2"
"2026/05/17 8:16:05 CH GMT+7","3","24","9","Không","7","Không","Trên 90% (Hầu như không nghỉ)","Chủ yếu là tự học","6"
"2026/05/17 8:17:47 CH GMT+7","3.79","42","9","Không","6","Không","Trên 90% (Hầu như không nghỉ)","Kết hợp cả hai (Tỷ lệ 50-50)","0.5"
"2026/05/17 8:57:30 CH GMT+7","3.78","8","6","Không","8","Không","Trên 90% (Hầu như không nghỉ)","Chủ yếu là tự học","1"
"2026/05/17 10:05:46 CH GMT+7","3.48","14","10","Có","6","Không","Trên 90% (Hầu như không nghỉ)","Chủ yếu là tự học","3"
"2026/05/17 11:42:58 CH GMT+7","3.65","21","14","Không","7","Không","Trên 90% (Hầu như không nghỉ)","Kết hợp cả hai (Tỷ lệ 50-50)","1"
"2026/05/18 8:25:01 SA GMT+7","3.2","20 ","7","Không","7","Không","Trên 90% (Hầu như không nghỉ)","Chủ yếu là tự học","2"
"2026/05/18 8:27:13 SA GMT+7","3.9","14","5","Có","6","Có","Trên 90% (Hầu như không nghỉ)","Chủ yếu là tự học","3 "
"2026/05/18 8:59:32 SA GMT+7","3.91","28 ","8","Không","6","Không","Trên 90% (Hầu như không nghỉ)","Chủ yếu là tự học","5"
"2026/05/18 9:30:30 SA GMT+7","2.71","5 ","5","Không","6","Không","Trên 90% (Hầu như không nghỉ)","Kết hợp cả hai (Tỷ lệ 50-50)","2"
"2026/05/18 10:07:40 SA GMT+7","4.","2","12","Có","12","Không","Trên 90% (Hầu như không nghỉ)","Chủ yếu là tự học","12"
"2026/05/18 10:41:12 SA GMT+7","3.36","48 ","4","Có","8","Không","Trên 90% (Hầu như không nghỉ)","Kết hợp cả hai (Tỷ lệ 50-50)","8"
"2026/05/18 11:12:24 SA GMT+7","3.65","3","8","Không","9 ","Không","Từ 70% - 90%","Chủ yếu là tự học","4"
"2026/05/18 11:46:09 SA GMT+7","3.3","9","10","Không","8","Không","Trên 90% (Hầu như không nghỉ)","Kết hợp cả hai (Tỷ lệ 50-50)","3"
"2026/05/18 11:47:04 SA GMT+7","3.77","4","4","Không","8","Không","Trên 90% (Hầu như không nghỉ)","Kết hợp cả hai (Tỷ lệ 50-50)","3.5"
"2026/05/18 12:20:35 CH GMT+7","3.3","14","8","Không","7","Không","Trên 90% (Hầu như không nghỉ)","Chủ yếu là tự học","4"
"2026/05/18 12:59:18 CH GMT+7","3.41","5","5","Có","5","Có","Trên 90% (Hầu như không nghỉ)","Chủ yếu là tự học","6"
"2026/05/18 1:34:55 CH GMT+7","3.95","0","18","Có","8","Không","Trên 90% (Hầu như không nghỉ)","Chủ yếu là tự học","2"
"2026/05/18 3:31:43 CH GMT+7","3.11","1","4","Không","8","Không","Trên 90% (Hầu như không nghỉ)","Chủ yếu là tự học","5"
"2026/05/18 4:14:45 CH GMT+7","3.9","2","12","Có","6","Không","Trên 90% (Hầu như không nghỉ)","Chủ yếu là tự học","1"